180215113805.412|4|0x68587d586c6d7504aa4d4a5cc55085a8a8b508cf6c4e2e9b1b72be8cf6ece9d1|0x68587d586c6d7504aa4d4a5cc55085a8a8b508cf6c4e2e9b1b72be8cf6ece9d1|0x68587d586c6d7504aa4d4a5cc55085a8a8b508cf6c4e2e9b1b72be8cf6ece9d1
180215113805.414|15|0xc8aa43cb259e9d0c665ed18e6f407d51c0782b5f0704e7f9fd1747ca4d6f0f65|0xc8aa43cb259e9d0c665ed18e6f407d51c0782b5f0704e7f9fd1747ca4d6f0f65|0xc8aa43cb259e9d0c665ed18e6f407d51c0782b5f0704e7f9fd1747ca4d6f0f65
180215113805.415|19|0xd82cd5000ce0b39f5a04e12e427cda4ca87c72a7a7c5ec09a2a086441f19d180|0xd82cd5000ce0b39f5a04e12e427cda4ca87c72a7a7c5ec09a2a086441f19d180|0xd82cd5000ce0b39f5a04e12e427cda4ca87c72a7a7c5ec09a2a086441f19d180
180215113805.419|29|0x25caca665de3a038e32184ecf81eb1b7fcda3c5fb2210b9f42a3551510ff3165|0x25caca665de3a038e32184ecf81eb1b7fcda3c5fb2210b9f42a3551510ff3165|0x25caca665de3a038e32184ecf81eb1b7fcda3c5fb2210b9f42a3551510ff3165
180215113805.427|3|0xf3bb11381621a6cbddb52025903e5c5e2fb67ef9a5fc71384655e1e1d70b3a5a|0xf3bb11381621a6cbddb52025903e5c5e2fb67ef9a5fc71384655e1e1d70b3a5a|0xf3bb11381621a6cbddb52025903e5c5e2fb67ef9a5fc71384655e1e1d70b3a5a
180215113805.428|10|0xc83a864103438bb74e7436c6bb6e5c9ab41215246331bb439ef6e39fabfd32e5|0xc83a864103438bb74e7436c6bb6e5c9ab41215246331bb439ef6e39fabfd32e5|0xc83a864103438bb74e7436c6bb6e5c9ab41215246331bb439ef6e39fabfd32e5
180215113805.430|12|0xe987f1cf310fdc1eafb4151143040e27385f8babf16e628b8804b74c3518727a|0xe987f1cf310fdc1eafb4151143040e27385f8babf16e628b8804b74c3518727a|0xe987f1cf310fdc1eafb4151143040e27385f8babf16e628b8804b74c3518727a
180215113805.431|16|0x4973083b467f8cda6b1db6d6a1bcf6a1a2095d9a7e5f61205972739f6b9c4862|0x4973083b467f8cda6b1db6d6a1bcf6a1a2095d9a7e5f61205972739f6b9c4862|0x4973083b467f8cda6b1db6d6a1bcf6a1a2095d9a7e5f61205972739f6b9c4862
180215113805.433|17|0xa78d498daf50609174d53d97df186e0df162616aadd8d2471007bc8b2afc8da6|0xa78d498daf50609174d53d97df186e0df162616aadd8d2471007bc8b2afc8da6|0xa78d498daf50609174d53d97df186e0df162616aadd8d2471007bc8b2afc8da6
180215113805.436|27|0x3be694328ee11f24f7a48ab999a565e58a4499f9ba449c2cebd06ae3899f2b57|0x3be694328ee11f24f7a48ab999a565e58a4499f9ba449c2cebd06ae3899f2b57|0x3be694328ee11f24f7a48ab999a565e58a4499f9ba449c2cebd06ae3899f2b57
180215113805.437|1|0x2d89dc71ca748875230b9473be973e8cffdfd099c49a5d578a7da316d2b0ff6b|0x2d89dc71ca748875230b9473be973e8cffdfd099c49a5d578a7da316d2b0ff6b|0x2d89dc71ca748875230b9473be973e8cffdfd099c49a5d578a7da316d2b0ff6b
180215113805.438|6|0x8ab292b3c7fc6ee7a8bef031a3542483eca55cd2934e108dacbdfece60af7933|0x8ab292b3c7fc6ee7a8bef031a3542483eca55cd2934e108dacbdfece60af7933|0x8ab292b3c7fc6ee7a8bef031a3542483eca55cd2934e108dacbdfece60af7933
180215113805.440|7|0x0d58ffb5722a4a4305a459ffd5f179166f6d5b439549731fdac62b9c477ae02f|0x0d58ffb5722a4a4305a459ffd5f179166f6d5b439549731fdac62b9c477ae02f|0x0d58ffb5722a4a4305a459ffd5f179166f6d5b439549731fdac62b9c477ae02f
180215113805.441|11|0xf3c2ee9c8fdd4488c975cfa15c57de284ac74371f6406b6642138064fa7daee9|0xf3c2ee9c8fdd4488c975cfa15c57de284ac74371f6406b6642138064fa7daee9|0xf3c2ee9c8fdd4488c975cfa15c57de284ac74371f6406b6642138064fa7daee9
180215113805.442|13|0x3fe9d3222d447fd775930a629fabe8e229c8a2029d15e2150a9ef6c9d7424b57|0x3fe9d3222d447fd775930a629fabe8e229c8a2029d15e2150a9ef6c9d7424b57|0x3fe9d3222d447fd775930a629fabe8e229c8a2029d15e2150a9ef6c9d7424b57
180215113805.443|28|0x6e49db1af7b31762ebe7f818657e0d5a74ca1f35d7769903e0392f351591ae37|0x6e49db1af7b31762ebe7f818657e0d5a74ca1f35d7769903e0392f351591ae37|0x6e49db1af7b31762ebe7f818657e0d5a74ca1f35d7769903e0392f351591ae37
180215113805.445|24|0x9972db02bf87426fb3ecdc7f2c00c61755f8853335a8735647c074d8711ee9d2|0x9972db02bf87426fb3ecdc7f2c00c61755f8853335a8735647c074d8711ee9d2|0x9972db02bf87426fb3ecdc7f2c00c61755f8853335a8735647c074d8711ee9d2
180215113805.447|23|0x5a647d2deb59be025986b920122e10508c5b9f07dd9b96483c90391008250a41|0x5a647d2deb59be025986b920122e10508c5b9f07dd9b96483c90391008250a41|0x5a647d2deb59be025986b920122e10508c5b9f07dd9b96483c90391008250a41
180215113805.447|2|0xea3fcbc9aeb0ca45cf0e5102ad594a95c350a1eff2c68823248318a9b867e198|0xea3fcbc9aeb0ca45cf0e5102ad594a95c350a1eff2c68823248318a9b867e198|0xea3fcbc9aeb0ca45cf0e5102ad594a95c350a1eff2c68823248318a9b867e198
180215113805.449|5|0x30e4e1e5feb0a6a899c0b49f10f7245fe986482c0a54331af450ba6c7bc06c2a|0x30e4e1e5feb0a6a899c0b49f10f7245fe986482c0a54331af450ba6c7bc06c2a|0x30e4e1e5feb0a6a899c0b49f10f7245fe986482c0a54331af450ba6c7bc06c2a
180215113805.453|8|0x9aabef458b8d7612892e0400e8e8efad05d41c264a319019a31dd00cda2bdc78|0x9aabef458b8d7612892e0400e8e8efad05d41c264a319019a31dd00cda2bdc78|0x9aabef458b8d7612892e0400e8e8efad05d41c264a319019a31dd00cda2bdc78
180215113805.455|20|0xf5812df15fbb9ad5744e4c04f0858e80549c44b0990f2fb7a4b32d25fc1c2704|0xf5812df15fbb9ad5744e4c04f0858e80549c44b0990f2fb7a4b32d25fc1c2704|0xf5812df15fbb9ad5744e4c04f0858e80549c44b0990f2fb7a4b32d25fc1c2704
180215113805.456|48|0x698fcd942f36f0f8f6af30a8869c65f4d2da47699728778a3454213300e6ba57|0x698fcd942f36f0f8f6af30a8869c65f4d2da47699728778a3454213300e6ba57|0x698fcd942f36f0f8f6af30a8869c65f4d2da47699728778a3454213300e6ba57
180215113805.456|21|0xce7acb40712e669f6c748e8d0a4a891760f29603f030054898ed3e1f36e038c5|0xce7acb40712e669f6c748e8d0a4a891760f29603f030054898ed3e1f36e038c5|0xce7acb40712e669f6c748e8d0a4a891760f29603f030054898ed3e1f36e038c5
180215113842.949|36|0x028750786ad115b2b25b117b46dfc275bf66763a6222bbd39b462276b29c620a|0x028750786ad115b2b25b117b46dfc275bf66763a6222bbd39b462276b29c620a|0x028750786ad115b2b25b117b46dfc275bf66763a6222bbd39b462276b29c620a
180215113842.950|30|0xa4b0580900d4852619f2e85ed6225539e35be91c3ffe6f531cfe457c9dbbe478|0xa4b0580900d4852619f2e85ed6225539e35be91c3ffe6f531cfe457c9dbbe478|0xa4b0580900d4852619f2e85ed6225539e35be91c3ffe6f531cfe457c9dbbe478
180215113842.950|31|0x8cae69030cdca3f00454a38949473f2a28cb5d73aeaf1a79d76069de8d77d13c|0x8cae69030cdca3f00454a38949473f2a28cb5d73aeaf1a79d76069de8d77d13c|0x8cae69030cdca3f00454a38949473f2a28cb5d73aeaf1a79d76069de8d77d13c
180215113842.951|32|0x7af6648a0b5cb489c4613d8503a7c8a6a81304a7287e4e7c6d8c7d1c87187241|0x7af6648a0b5cb489c4613d8503a7c8a6a81304a7287e4e7c6d8c7d1c87187241|0x7af6648a0b5cb489c4613d8503a7c8a6a81304a7287e4e7c6d8c7d1c87187241
180215113842.952|33|0x8ded703508d39b459563448f60f5c147d2731f0adb074802a05f2011042b2736|0x8ded703508d39b459563448f60f5c147d2731f0adb074802a05f2011042b2736|0x8ded703508d39b459563448f60f5c147d2731f0adb074802a05f2011042b2736
180215113842.953|37|0xbd3fd813907be2281d8b0507d691df0a81fe6cc16ae5091d21ee77e68140724c|0xbd3fd813907be2281d8b0507d691df0a81fe6cc16ae5091d21ee77e68140724c|0xbd3fd813907be2281d8b0507d691df0a81fe6cc16ae5091d21ee77e68140724c
180215113842.954|39|0x7b4757dd76f645a059633f08d9c0351196255656c185d03b3a934006a8a5303e|0x7b4757dd76f645a059633f08d9c0351196255656c185d03b3a934006a8a5303e|0x7b4757dd76f645a059633f08d9c0351196255656c185d03b3a934006a8a5303e
180215113842.954|42|0xf1461d6b72e7b783c2a4f4d1aa3a741f8af28b60b273b602d8dfea7a333b982e|0xf1461d6b72e7b783c2a4f4d1aa3a741f8af28b60b273b602d8dfea7a333b982e|0xf1461d6b72e7b783c2a4f4d1aa3a741f8af28b60b273b602d8dfea7a333b982e
180215113842.955|41|0xc5d127a172cc97eb2c9d86283f8e8cd46056b9f3afbf2758a962cd7219318692|0xc5d127a172cc97eb2c9d86283f8e8cd46056b9f3afbf2758a962cd7219318692|0xc5d127a172cc97eb2c9d86283f8e8cd46056b9f3afbf2758a962cd7219318692
180215113842.955|44|0x31dbf0dae9f71ffcda3a67ecd7bdedf57e5bb4252438d6f38a283ab50b4db7b9|0x31dbf0dae9f71ffcda3a67ecd7bdedf57e5bb4252438d6f38a283ab50b4db7b9|0x31dbf0dae9f71ffcda3a67ecd7bdedf57e5bb4252438d6f38a283ab50b4db7b9
180215113842.956|46|0x573dea4142dea0fbcd62e405233705843d407d5914264647a6d4d0e61023e4d5|0x573dea4142dea0fbcd62e405233705843d407d5914264647a6d4d0e61023e4d5|0x573dea4142dea0fbcd62e405233705843d407d5914264647a6d4d0e61023e4d5
180215113842.956|40|0x5768a49292c4f32de5bcc9305f90c028c974361291f12bfd64e7572d2ebe73fb|0x5768a49292c4f32de5bcc9305f90c028c974361291f12bfd64e7572d2ebe73fb|0x5768a49292c4f32de5bcc9305f90c028c974361291f12bfd64e7572d2ebe73fb
180215113842.957|53|0xae2a2c0f095aca50dd04aa05b4830aa8c46814b64221f345e833c15b361277f0|0xae2a2c0f095aca50dd04aa05b4830aa8c46814b64221f345e833c15b361277f0|0xae2a2c0f095aca50dd04aa05b4830aa8c46814b64221f345e833c15b361277f0
180215113842.957|49|0x1b58cebff9d4fb4b45446fa9847e1f1e66db522aa7e6df8e313718f74e68b3c4|0x1b58cebff9d4fb4b45446fa9847e1f1e66db522aa7e6df8e313718f74e68b3c4|0x1b58cebff9d4fb4b45446fa9847e1f1e66db522aa7e6df8e313718f74e68b3c4
180215113842.958|51|0x0882295e5665bc9ed39a74d36e941db6b83c0e503d8241e2b692a662c999bf73|0x0882295e5665bc9ed39a74d36e941db6b83c0e503d8241e2b692a662c999bf73|0x0882295e5665bc9ed39a74d36e941db6b83c0e503d8241e2b692a662c999bf73
180215113842.959|58|0xafdadcb2d8e5677cfacb4267902490c43e4f1e7b4c0b32ead2216041956adbae|0xafdadcb2d8e5677cfacb4267902490c43e4f1e7b4c0b32ead2216041956adbae|0xafdadcb2d8e5677cfacb4267902490c43e4f1e7b4c0b32ead2216041956adbae
180215113842.960|56|0x2200116b8b5f2c040a3d94a13c8e9354b966425fcdceb40a74c19d6cc258dfd9|0x2200116b8b5f2c040a3d94a13c8e9354b966425fcdceb40a74c19d6cc258dfd9|0x2200116b8b5f2c040a3d94a13c8e9354b966425fcdceb40a74c19d6cc258dfd9
180215113842.960|59|0x99410bbff2b2530b2d5d34d0e00c35b4be5dae600c2034de403d7b84e11cbdd3|0x99410bbff2b2530b2d5d34d0e00c35b4be5dae600c2034de403d7b84e11cbdd3|0x99410bbff2b2530b2d5d34d0e00c35b4be5dae600c2034de403d7b84e11cbdd3
180215113842.961|60|0xe060b19a507eb7b07523b7cc13549ce0b2f2a65dc8b89d63b918a7d6e9323679|0xe060b19a507eb7b07523b7cc13549ce0b2f2a65dc8b89d63b918a7d6e9323679|0xe060b19a507eb7b07523b7cc13549ce0b2f2a65dc8b89d63b918a7d6e9323679
180215113842.962|61|0x514a0bbc72d1c42804906878b9bbf3e492af3434d47405da805c863808220032|0x514a0bbc72d1c42804906878b9bbf3e492af3434d47405da805c863808220032|0x514a0bbc72d1c42804906878b9bbf3e492af3434d47405da805c863808220032
180215113842.963|67|0x41b496a238865dcd07d304c455d03f47c74ef1dbcdc306a7b277e0abca335a91|0x41b496a238865dcd07d304c455d03f47c74ef1dbcdc306a7b277e0abca335a91|0x41b496a238865dcd07d304c455d03f47c74ef1dbcdc306a7b277e0abca335a91
180215113842.964|62|0x15e38c45ab3bd70d070226ce55c0614b87440f32262f013734c7bc8292daa215|0x15e38c45ab3bd70d070226ce55c0614b87440f32262f013734c7bc8292daa215|0x15e38c45ab3bd70d070226ce55c0614b87440f32262f013734c7bc8292daa215
180215113842.965|64|0x4571d91b6bf0584238dc4dab20c4862a47ece621db9ccb8f2a4581caccec8782|0x4571d91b6bf0584238dc4dab20c4862a47ece621db9ccb8f2a4581caccec8782|0x4571d91b6bf0584238dc4dab20c4862a47ece621db9ccb8f2a4581caccec8782
180215113842.965|65|0xd3db354800080393ad1b5703829c9ad3759103959e8f516b5e26f3d7c52b3f2d|0xd3db354800080393ad1b5703829c9ad3759103959e8f516b5e26f3d7c52b3f2d|0xd3db354800080393ad1b5703829c9ad3759103959e8f516b5e26f3d7c52b3f2d
180215113842.966|66|0xf6ab7daec750470de31e641ca97828b0600d2a96664aaa7501fb3601dfb2a602|0xf6ab7daec750470de31e641ca97828b0600d2a96664aaa7501fb3601dfb2a602|0xf6ab7daec750470de31e641ca97828b0600d2a96664aaa7501fb3601dfb2a602
180215113842.967|74|0x8ad605da373293c8774c9137ffa17d99b2d9e08b4b7564b84ca44efa4b795a14|0x8ad605da373293c8774c9137ffa17d99b2d9e08b4b7564b84ca44efa4b795a14|0x8ad605da373293c8774c9137ffa17d99b2d9e08b4b7564b84ca44efa4b795a14
180215113842.968|69|0xe343d12c79cea019ae88f3219c32afab804166e448c80229400be4988e0a2be6|0xe343d12c79cea019ae88f3219c32afab804166e448c80229400be4988e0a2be6|0xe343d12c79cea019ae88f3219c32afab804166e448c80229400be4988e0a2be6
180215113842.968|72|0xc3d35a9971968a04f80efd24fcbd8478cd2b0c8bc044de2737485e3118f72e3c|0xc3d35a9971968a04f80efd24fcbd8478cd2b0c8bc044de2737485e3118f72e3c|0xc3d35a9971968a04f80efd24fcbd8478cd2b0c8bc044de2737485e3118f72e3c
180215113842.969|73|0xd6fcbac6c736e55c56c5e198ac6f8d99a5c4bf568962f1e4eb94dd4be1fc640f|0xd6fcbac6c736e55c56c5e198ac6f8d99a5c4bf568962f1e4eb94dd4be1fc640f|0xd6fcbac6c736e55c56c5e198ac6f8d99a5c4bf568962f1e4eb94dd4be1fc640f
180215113842.970|76|0x182e8cc4939baaf7603dce3c3ea4abb64e34236ac63dc9adff72d4d1f265ac2c|0x182e8cc4939baaf7603dce3c3ea4abb64e34236ac63dc9adff72d4d1f265ac2c|0x182e8cc4939baaf7603dce3c3ea4abb64e34236ac63dc9adff72d4d1f265ac2c
180215113842.971|78|0x7090fa83ea627b3f53b1c7a43099e4f9ae42853d2c528932581f918c2a7c59d8|0x7090fa83ea627b3f53b1c7a43099e4f9ae42853d2c528932581f918c2a7c59d8|0x7090fa83ea627b3f53b1c7a43099e4f9ae42853d2c528932581f918c2a7c59d8
180215113842.972|83|0x1ee1efbc953ae8dea184b51c96deafda6466026b73704a8db40f1e032c47bc77|0x1ee1efbc953ae8dea184b51c96deafda6466026b73704a8db40f1e032c47bc77|0x1ee1efbc953ae8dea184b51c96deafda6466026b73704a8db40f1e032c47bc77
180215113842.972|82|0xd6efaa1545740e080137b3b903a159737c4d947ccd457a74b57798e98bfcc8cc|0xd6efaa1545740e080137b3b903a159737c4d947ccd457a74b57798e98bfcc8cc|0xd6efaa1545740e080137b3b903a159737c4d947ccd457a74b57798e98bfcc8cc
180215113842.973|84|0x288e983647522191f0276ff94bd9f14b5ef33b11976c0d23603b9588fb750d8b|0x288e983647522191f0276ff94bd9f14b5ef33b11976c0d23603b9588fb750d8b|0x288e983647522191f0276ff94bd9f14b5ef33b11976c0d23603b9588fb750d8b
180215113842.974|85|0x81eaf53392db71a7255da7639d2d36467c435a6bb100f58992e044246dfc7c5c|0x81eaf53392db71a7255da7639d2d36467c435a6bb100f58992e044246dfc7c5c|0x81eaf53392db71a7255da7639d2d36467c435a6bb100f58992e044246dfc7c5c
180215113842.989|94|0xc3f86e0047df94d0cb2da87b94b8dc0811214f494116774612b6547b9edb25ec|0xc3f86e0047df94d0cb2da87b94b8dc0811214f494116774612b6547b9edb25ec|0xc3f86e0047df94d0cb2da87b94b8dc0811214f494116774612b6547b9edb25ec
180215113842.990|95|0x12e21ab3e00a6da28e198064f632e2c24b1ee59c7d5e1c792e68dacaf6d4655f|0x12e21ab3e00a6da28e198064f632e2c24b1ee59c7d5e1c792e68dacaf6d4655f|0x12e21ab3e00a6da28e198064f632e2c24b1ee59c7d5e1c792e68dacaf6d4655f
180215113842.990|97|0xa0b81272eb0a572a9657a89ee38224d8e88a633a3622674c04114c5149412bc4|0xa0b81272eb0a572a9657a89ee38224d8e88a633a3622674c04114c5149412bc4|0xa0b81272eb0a572a9657a89ee38224d8e88a633a3622674c04114c5149412bc4
180215113842.991|96|0x01b1ac412259bd12f84b3e2d216af27c1a762a42b35960319e1e00237f835e65|0x01b1ac412259bd12f84b3e2d216af27c1a762a42b35960319e1e00237f835e65|0x01b1ac412259bd12f84b3e2d216af27c1a762a42b35960319e1e00237f835e65
180215113842.991|99|0xb2b5875de0a1126573364c4c74a2ec8c4764ad0f730c67bbda8f4387cfc7372f|0xb2b5875de0a1126573364c4c74a2ec8c4764ad0f730c67bbda8f4387cfc7372f|0xb2b5875de0a1126573364c4c74a2ec8c4764ad0f730c67bbda8f4387cfc7372f
180215113842.992|87|0x4c4764891092b32f36053441474cc4d5f4c30b4a12e1f355ef3712ca2f4294bb|0x4c4764891092b32f36053441474cc4d5f4c30b4a12e1f355ef3712ca2f4294bb|0x4c4764891092b32f36053441474cc4d5f4c30b4a12e1f355ef3712ca2f4294bb
180215113842.993|89|0x8fc8e79d12a64d263ba315eefbd401c8b40366355d4255bb64b8b24b3132ae0b|0x8fc8e79d12a64d263ba315eefbd401c8b40366355d4255bb64b8b24b3132ae0b|0x8fc8e79d12a64d263ba315eefbd401c8b40366355d4255bb64b8b24b3132ae0b
180215113842.994|88|0xe6ea1ab3daedcb70bc7c104f8728ddbabb16402dd985ac8e6424467450a67279|0xe6ea1ab3daedcb70bc7c104f8728ddbabb16402dd985ac8e6424467450a67279|0xe6ea1ab3daedcb70bc7c104f8728ddbabb16402dd985ac8e6424467450a67279
180215113842.994|100|0xf5d971c56c9619f2027d51201e683f53bb0aa623e3738aa3429c6dd430814722|0xf5d971c56c9619f2027d51201e683f53bb0aa623e3738aa3429c6dd430814722|0xf5d971c56c9619f2027d51201e683f53bb0aa623e3738aa3429c6dd430814722
180215113842.995|103|0x2d30a15c51a4f37fbbbe799be5c986116ae7bdc3dbd315749a880076d04be78c|0x2d30a15c51a4f37fbbbe799be5c986116ae7bdc3dbd315749a880076d04be78c|0x2d30a15c51a4f37fbbbe799be5c986116ae7bdc3dbd315749a880076d04be78c
180215113842.995|102|0xa6f99291801a9d6085567dacbfbd2f6334ca4871539522f59337adc37e7b1e03|0xa6f99291801a9d6085567dacbfbd2f6334ca4871539522f59337adc37e7b1e03|0xa6f99291801a9d6085567dacbfbd2f6334ca4871539522f59337adc37e7b1e03
180215113842.996|106|0xf9918cfcf1169c53fe1bdaa468e917ea70d2b45babd8292246d3e726cb1e7063|0xf9918cfcf1169c53fe1bdaa468e917ea70d2b45babd8292246d3e726cb1e7063|0xf9918cfcf1169c53fe1bdaa468e917ea70d2b45babd8292246d3e726cb1e7063
180215113842.996|107|0xd22f44194b9013275ead7331c178926a117a568e03950241390f9a91e5f80856|0xd22f44194b9013275ead7331c178926a117a568e03950241390f9a91e5f80856|0xd22f44194b9013275ead7331c178926a117a568e03950241390f9a91e5f80856
180215113842.997|110|0x75e1418515b53a45d4bf4c189d25178c2bfd7bbd4b054f42a5cea61c862c78a1|0x75e1418515b53a45d4bf4c189d25178c2bfd7bbd4b054f42a5cea61c862c78a1|0x75e1418515b53a45d4bf4c189d25178c2bfd7bbd4b054f42a5cea61c862c78a1
180215113842.997|114|0x3c946e38db6c15f24af438546cffa536ed5dee008a0f50113ed0d151535f863b|0x3c946e38db6c15f24af438546cffa536ed5dee008a0f50113ed0d151535f863b|0x3c946e38db6c15f24af438546cffa536ed5dee008a0f50113ed0d151535f863b
180215113842.998|115|0x532b208dd6483c045211119805385e11db583130504dccc4836d80974d62a89d|0x532b208dd6483c045211119805385e11db583130504dccc4836d80974d62a89d|0x532b208dd6483c045211119805385e11db583130504dccc4836d80974d62a89d
180215113842.998|118|0xd57c13d398431fc19549df633eb6ca32d1da421afe0aa1af278dc2e7d4975a62|0xd57c13d398431fc19549df633eb6ca32d1da421afe0aa1af278dc2e7d4975a62|0xd57c13d398431fc19549df633eb6ca32d1da421afe0aa1af278dc2e7d4975a62
180215113842.999|131|0x772618c3a441f512a63c1febde2fc6d6b18af2a999d12785645f6f738f87cf8f|0x772618c3a441f512a63c1febde2fc6d6b18af2a999d12785645f6f738f87cf8f|0x772618c3a441f512a63c1febde2fc6d6b18af2a999d12785645f6f738f87cf8f
180215113842.999|121|0x9b4f680d4a97852930479e360a668e7f0426a46f52e942c77f5eab95c1b44c8e|0x9b4f680d4a97852930479e360a668e7f0426a46f52e942c77f5eab95c1b44c8e|0x9b4f680d4a97852930479e360a668e7f0426a46f52e942c77f5eab95c1b44c8e
180215113843.000|124|0x492bb364ea95e73e05df0589b2f3d642b0321388e2b150fb7d3eb70c8673c627|0x492bb364ea95e73e05df0589b2f3d642b0321388e2b150fb7d3eb70c8673c627|0x492bb364ea95e73e05df0589b2f3d642b0321388e2b150fb7d3eb70c8673c627
180215113843.000|125|0xfaaeb5a20fa1ea6967959dde7f0338f93a73b8f490c44f898f6811925990b1c2|0xfaaeb5a20fa1ea6967959dde7f0338f93a73b8f490c44f898f6811925990b1c2|0xfaaeb5a20fa1ea6967959dde7f0338f93a73b8f490c44f898f6811925990b1c2
180215113843.001|126|0x33a719356ad73bb0e226e2c4f5578b0c16393776f7f55ee81f99c6834186500f|0x33a719356ad73bb0e226e2c4f5578b0c16393776f7f55ee81f99c6834186500f|0x33a719356ad73bb0e226e2c4f5578b0c16393776f7f55ee81f99c6834186500f
180215113843.002|127|0xc3ad16de54c6995c192a8df377a72b9c91dca03866a30dd58702b35287707d32|0xc3ad16de54c6995c192a8df377a72b9c91dca03866a30dd58702b35287707d32|0xc3ad16de54c6995c192a8df377a72b9c91dca03866a30dd58702b35287707d32
180215113843.002|128|0x75a859f758e6716648de1c5dedfa2de2f448498f2c50a71c84d9f0a1da62dcff|0x75a859f758e6716648de1c5dedfa2de2f448498f2c50a71c84d9f0a1da62dcff|0x75a859f758e6716648de1c5dedfa2de2f448498f2c50a71c84d9f0a1da62dcff
180215113843.003|111|0x46c723807072cb5985009bcf0f87f8ca3b4726c9e3e125f3519158c6f7967ad8|0x46c723807072cb5985009bcf0f87f8ca3b4726c9e3e125f3519158c6f7967ad8|0x46c723807072cb5985009bcf0f87f8ca3b4726c9e3e125f3519158c6f7967ad8
180215113843.004|130|0x53b2dd340f7ba431aba1e4476ac736563dd7c394f2c7f4f30a96aa988c1bed34|0x53b2dd340f7ba431aba1e4476ac736563dd7c394f2c7f4f30a96aa988c1bed34|0x53b2dd340f7ba431aba1e4476ac736563dd7c394f2c7f4f30a96aa988c1bed34
180215113843.004|132|0x797bfd6d1ec758385ee0f46c0ace1347cec19cd43d31f473b003566a9db86dad|0x797bfd6d1ec758385ee0f46c0ace1347cec19cd43d31f473b003566a9db86dad|0x797bfd6d1ec758385ee0f46c0ace1347cec19cd43d31f473b003566a9db86dad
180215113843.005|133|0xbd71cbeb3b516f37f1a411d22608c332486fcdb8a25a991f41f84c0d5bb747cd|0xbd71cbeb3b516f37f1a411d22608c332486fcdb8a25a991f41f84c0d5bb747cd|0xbd71cbeb3b516f37f1a411d22608c332486fcdb8a25a991f41f84c0d5bb747cd
180215113843.005|141|0x4420ac1e607a63d2dc8be73c21a49ae9086441bb5df55526b55e1cee823883de|0x4420ac1e607a63d2dc8be73c21a49ae9086441bb5df55526b55e1cee823883de|0x4420ac1e607a63d2dc8be73c21a49ae9086441bb5df55526b55e1cee823883de
180215113843.006|138|0x04ea8e0f935b453f1e58f5f8d1b0591e5d80ce39275785e28479123413138504|0x04ea8e0f935b453f1e58f5f8d1b0591e5d80ce39275785e28479123413138504|0x04ea8e0f935b453f1e58f5f8d1b0591e5d80ce39275785e28479123413138504
180215113843.007|139|0x65b42a13d8b35adc60e18f9d9bcee311a6fdc39df544dee3d3a459c8d4ac648a|0x65b42a13d8b35adc60e18f9d9bcee311a6fdc39df544dee3d3a459c8d4ac648a|0x65b42a13d8b35adc60e18f9d9bcee311a6fdc39df544dee3d3a459c8d4ac648a
180215113843.007|140|0x30cf60d3ffc6ccd8a1230a6ce35d8729fc7605796988deb38f8b89f7d59d9aff|0x30cf60d3ffc6ccd8a1230a6ce35d8729fc7605796988deb38f8b89f7d59d9aff|0x30cf60d3ffc6ccd8a1230a6ce35d8729fc7605796988deb38f8b89f7d59d9aff
180215113843.008|136|0xfabbf533416771e6b39aa3ad738e1d01f801c36ae79dadd661c6c954ad88cfac|0xfabbf533416771e6b39aa3ad738e1d01f801c36ae79dadd661c6c954ad88cfac|0xfabbf533416771e6b39aa3ad738e1d01f801c36ae79dadd661c6c954ad88cfac
180215113843.008|137|0xb6a2c62da158ad992f27d404297338a18ff9b8f812289c1220cb699879cb2c6e|0xb6a2c62da158ad992f27d404297338a18ff9b8f812289c1220cb699879cb2c6e|0xb6a2c62da158ad992f27d404297338a18ff9b8f812289c1220cb699879cb2c6e
180215113843.009|135|0x294e5ce701fd7947b4b9a12cbec6ad840d352e1b9b09216eccd7cb6747c6cb9c|0x294e5ce701fd7947b4b9a12cbec6ad840d352e1b9b09216eccd7cb6747c6cb9c|0x294e5ce701fd7947b4b9a12cbec6ad840d352e1b9b09216eccd7cb6747c6cb9c
180215113843.010|146|0x0b6039f60f419a8d70dccf5218cce9d2796adf4c390be4714f2bb54d3709fd80|0x0b6039f60f419a8d70dccf5218cce9d2796adf4c390be4714f2bb54d3709fd80|0x0b6039f60f419a8d70dccf5218cce9d2796adf4c390be4714f2bb54d3709fd80
180215113843.010|145|0xd9016603631b0444c1b74798d9fae2e06ad6e888eec0c8fa94b0325ba6d9cdb6|0xd9016603631b0444c1b74798d9fae2e06ad6e888eec0c8fa94b0325ba6d9cdb6|0xd9016603631b0444c1b74798d9fae2e06ad6e888eec0c8fa94b0325ba6d9cdb6
180215113843.011|148|0x3e6502d1161694b3ba2ef30fe35b96a5038d9520790323f513af8b6d396e0f7e|0x3e6502d1161694b3ba2ef30fe35b96a5038d9520790323f513af8b6d396e0f7e|0x3e6502d1161694b3ba2ef30fe35b96a5038d9520790323f513af8b6d396e0f7e
180215113843.011|157|0x597790ec0124725e433f5d16b689f4c0179a31a001cafc31d0655c07b1b861f1|0x597790ec0124725e433f5d16b689f4c0179a31a001cafc31d0655c07b1b861f1|0x597790ec0124725e433f5d16b689f4c0179a31a001cafc31d0655c07b1b861f1
180215113843.012|150|0x6ec665ae5f0233ffe2706cde584d6cea57f76e69587973f667d7024862533021|0x6ec665ae5f0233ffe2706cde584d6cea57f76e69587973f667d7024862533021|0x6ec665ae5f0233ffe2706cde584d6cea57f76e69587973f667d7024862533021
180215113843.012|154|0x71d3e91a3326d5004f21f8fd182556317e22302996096edb6dd91a945ca885dc|0x71d3e91a3326d5004f21f8fd182556317e22302996096edb6dd91a945ca885dc|0x71d3e91a3326d5004f21f8fd182556317e22302996096edb6dd91a945ca885dc
180215113843.012|153|0x35006099d6a03ced69e8eb72d36cd3f54164d9960e625dc15c6eec8d578ea56a|0x35006099d6a03ced69e8eb72d36cd3f54164d9960e625dc15c6eec8d578ea56a|0x35006099d6a03ced69e8eb72d36cd3f54164d9960e625dc15c6eec8d578ea56a
180215113843.013|155|0xe413579c4e31f32b959d1d477e8ec90f5982a1a66e814d2e6eb6c038f85ce49c|0xe413579c4e31f32b959d1d477e8ec90f5982a1a66e814d2e6eb6c038f85ce49c|0xe413579c4e31f32b959d1d477e8ec90f5982a1a66e814d2e6eb6c038f85ce49c
180215113843.013|152|0x8cda30a27bb248515f9560d5c76f76f188dfe46f1e88e5cfc73dfd3c1193fa3a|0x8cda30a27bb248515f9560d5c76f76f188dfe46f1e88e5cfc73dfd3c1193fa3a|0x8cda30a27bb248515f9560d5c76f76f188dfe46f1e88e5cfc73dfd3c1193fa3a
180215113843.014|158|0x6b66db4cf5e49daeb4e8b3d79a146972cdf401f62a760b2c0306e0119320e383|0x6b66db4cf5e49daeb4e8b3d79a146972cdf401f62a760b2c0306e0119320e383|0x6b66db4cf5e49daeb4e8b3d79a146972cdf401f62a760b2c0306e0119320e383
180215113843.014|159|0xa13694eff80fb0ae9b0bf057cae6d6c5ca68bb72939368ca7bb7fefd2f277d7a|0xa13694eff80fb0ae9b0bf057cae6d6c5ca68bb72939368ca7bb7fefd2f277d7a|0xa13694eff80fb0ae9b0bf057cae6d6c5ca68bb72939368ca7bb7fefd2f277d7a
180215113843.014|160|0xd9f2a647c6cd97bc6b2b06cb2b2825b6940687a40649346fc479b1a42c5975fc|0xd9f2a647c6cd97bc6b2b06cb2b2825b6940687a40649346fc479b1a42c5975fc|0xd9f2a647c6cd97bc6b2b06cb2b2825b6940687a40649346fc479b1a42c5975fc
180215113843.015|176|0xa1b34282a8ab0a58b8d24c6d942bf95733a7077393039e296cd6737e1eb72821|0xa1b34282a8ab0a58b8d24c6d942bf95733a7077393039e296cd6737e1eb72821|0xa1b34282a8ab0a58b8d24c6d942bf95733a7077393039e296cd6737e1eb72821
180215113843.015|164|0xcb963a6a0c69ab9b66c78cde4ad513e0cf053f1e86673cae0a8541e386675fbc|0xcb963a6a0c69ab9b66c78cde4ad513e0cf053f1e86673cae0a8541e386675fbc|0xcb963a6a0c69ab9b66c78cde4ad513e0cf053f1e86673cae0a8541e386675fbc
180215113843.015|166|0x19357315a8ba1bad9fe2e46bba0326a8466612afaad0f0cb0c86c64c7eda0288|0x19357315a8ba1bad9fe2e46bba0326a8466612afaad0f0cb0c86c64c7eda0288|0x19357315a8ba1bad9fe2e46bba0326a8466612afaad0f0cb0c86c64c7eda0288
180215113843.016|147|0x7fcc2ea3908249aabc84e74aae5342a0481dfc8b9f46ba78d44d87f26ecd91d3|0x7fcc2ea3908249aabc84e74aae5342a0481dfc8b9f46ba78d44d87f26ecd91d3|0x7fcc2ea3908249aabc84e74aae5342a0481dfc8b9f46ba78d44d87f26ecd91d3
180215113843.017|174|0x322015cfd09de9acb93f5a04eee9df84529c6d85ec48f9866e1169e3983234c3|0x322015cfd09de9acb93f5a04eee9df84529c6d85ec48f9866e1169e3983234c3|0x322015cfd09de9acb93f5a04eee9df84529c6d85ec48f9866e1169e3983234c3
180215113843.017|188|0xa5ed6247828e964d2a6fbfdf0284b775414aa2218b6232b3d1d0f68e4eb9f673|0xa5ed6247828e964d2a6fbfdf0284b775414aa2218b6232b3d1d0f68e4eb9f673|0xa5ed6247828e964d2a6fbfdf0284b775414aa2218b6232b3d1d0f68e4eb9f673
180215113843.029|165|0x49bfc854ce700bbee86770fe96c04452c0d5fcf46fd45738f52e18fc080cb189|0x49bfc854ce700bbee86770fe96c04452c0d5fcf46fd45738f52e18fc080cb189|0x49bfc854ce700bbee86770fe96c04452c0d5fcf46fd45738f52e18fc080cb189
180215113843.030|175|0x341860d4dabc7d757ab21305d59e5b9bcf13a3917abf773e67a7a01a8a3c88c6|0x341860d4dabc7d757ab21305d59e5b9bcf13a3917abf773e67a7a01a8a3c88c6|0x341860d4dabc7d757ab21305d59e5b9bcf13a3917abf773e67a7a01a8a3c88c6
180215113843.031|192|0x36e2235b3cb676499f10f53f9c15f8ef10e614e3aa0eb8a15c3cd212001c54f0|0x36e2235b3cb676499f10f53f9c15f8ef10e614e3aa0eb8a15c3cd212001c54f0|0x36e2235b3cb676499f10f53f9c15f8ef10e614e3aa0eb8a15c3cd212001c54f0
180215113843.031|189|0x298f81590b2a4363cc4ce3b527b5aefc729ac3b6349356360c228746e05ddac9|0x298f81590b2a4363cc4ce3b527b5aefc729ac3b6349356360c228746e05ddac9|0x298f81590b2a4363cc4ce3b527b5aefc729ac3b6349356360c228746e05ddac9
180215113843.032|190|0xac4e4b16eb64e7a88ef63371fd3bcb0b88e4aff2b648a578426cbae48f914205|0xac4e4b16eb64e7a88ef63371fd3bcb0b88e4aff2b648a578426cbae48f914205|0xac4e4b16eb64e7a88ef63371fd3bcb0b88e4aff2b648a578426cbae48f914205
180215113843.033|191|0x8667dd4debb6dddfe884d3cfb8a7def5429bcd3e99c807acbd3a0fe1905a641c|0x8667dd4debb6dddfe884d3cfb8a7def5429bcd3e99c807acbd3a0fe1905a641c|0x8667dd4debb6dddfe884d3cfb8a7def5429bcd3e99c807acbd3a0fe1905a641c
180215113843.034|181|0x9cca8c4028253219089c2dc002735c19e49da08caffb4cce70c30b6cb78d23ff|0x9cca8c4028253219089c2dc002735c19e49da08caffb4cce70c30b6cb78d23ff|0x9cca8c4028253219089c2dc002735c19e49da08caffb4cce70c30b6cb78d23ff
180215113843.035|185|0x8ad925d62c617fbc0b38161a48d0d2d96477e9a209131e1771f348b8d298c252|0x8ad925d62c617fbc0b38161a48d0d2d96477e9a209131e1771f348b8d298c252|0x8ad925d62c617fbc0b38161a48d0d2d96477e9a209131e1771f348b8d298c252
180215113843.035|186|0xd4bf4c75e55328f1bc5812a50c568f4d4be9a20f52cde236ab8ac15fb70d874d|0xd4bf4c75e55328f1bc5812a50c568f4d4be9a20f52cde236ab8ac15fb70d874d|0xd4bf4c75e55328f1bc5812a50c568f4d4be9a20f52cde236ab8ac15fb70d874d
180215113843.036|193|0x604cf3fb9f5d0c306e5fbdf6bfa84b1fb7e7b488ddb5d4b519e2cd8d12faaa97|0x604cf3fb9f5d0c306e5fbdf6bfa84b1fb7e7b488ddb5d4b519e2cd8d12faaa97|0x604cf3fb9f5d0c306e5fbdf6bfa84b1fb7e7b488ddb5d4b519e2cd8d12faaa97
180215113843.042|194|0x9090645c05daa2811ab31fa51f5a95c2bbdf766b5874f460c1ba23517a6ea993|0x9090645c05daa2811ab31fa51f5a95c2bbdf766b5874f460c1ba23517a6ea993|0x9090645c05daa2811ab31fa51f5a95c2bbdf766b5874f460c1ba23517a6ea993
180215113843.043|195|0xd18b455070188d5ba8dad4451476aaa2ea5b279e08fedda5ebc70d30ae15c8db|0xd18b455070188d5ba8dad4451476aaa2ea5b279e08fedda5ebc70d30ae15c8db|0xd18b455070188d5ba8dad4451476aaa2ea5b279e08fedda5ebc70d30ae15c8db
180215113843.043|196|0x8c1f9fa25cd73c1f27001b9484406518a5b1b94587ac0b4a9193ea02973aea6b|0x8c1f9fa25cd73c1f27001b9484406518a5b1b94587ac0b4a9193ea02973aea6b|0x8c1f9fa25cd73c1f27001b9484406518a5b1b94587ac0b4a9193ea02973aea6b
180215113843.044|199|0x0f01a18c001cdc4346d1c6ea44f3fa54130769850f71571baa2f03c817ecbd1c|0x0f01a18c001cdc4346d1c6ea44f3fa54130769850f71571baa2f03c817ecbd1c|0x0f01a18c001cdc4346d1c6ea44f3fa54130769850f71571baa2f03c817ecbd1c
180215113843.045|209|0xb1f80db39791c0eeeb82ceb2e839d7a1bb216e8e8babd34390a0c544edbb9046|0xb1f80db39791c0eeeb82ceb2e839d7a1bb216e8e8babd34390a0c544edbb9046|0xb1f80db39791c0eeeb82ceb2e839d7a1bb216e8e8babd34390a0c544edbb9046
180215113843.045|202|0x10e0c8c2fee5dba0e2cfe31c1095d35294da77d51f55d42f7d6d986c498bd5f2|0x10e0c8c2fee5dba0e2cfe31c1095d35294da77d51f55d42f7d6d986c498bd5f2|0x10e0c8c2fee5dba0e2cfe31c1095d35294da77d51f55d42f7d6d986c498bd5f2
180215113843.046|205|0x60c639e8cb70705cda3ea8a57218fd6ffee29745a297c390375511f59aaa7c3b|0x60c639e8cb70705cda3ea8a57218fd6ffee29745a297c390375511f59aaa7c3b|0x60c639e8cb70705cda3ea8a57218fd6ffee29745a297c390375511f59aaa7c3b
180215113843.048|207|0xcbb7bbd3615421aab4f9005125f2640f22923a779ca306256c489bf561204a55|0xcbb7bbd3615421aab4f9005125f2640f22923a779ca306256c489bf561204a55|0xcbb7bbd3615421aab4f9005125f2640f22923a779ca306256c489bf561204a55
180215113843.051|208|0x6a11b5ef38a5fa9e706ffa0588f357878d441b7e8b6da3da5c8f3426b8ff971e|0x6a11b5ef38a5fa9e706ffa0588f357878d441b7e8b6da3da5c8f3426b8ff971e|0x6a11b5ef38a5fa9e706ffa0588f357878d441b7e8b6da3da5c8f3426b8ff971e
180215113843.054|215|0x97d6934216f42c687d2e4af22d6023846e308354baa5e39f5c7dad94b0158542|0x97d6934216f42c687d2e4af22d6023846e308354baa5e39f5c7dad94b0158542|0x97d6934216f42c687d2e4af22d6023846e308354baa5e39f5c7dad94b0158542
180215113843.056|210|0xbc81c2be482f44b5306d72430b329389d1bcfe2efd89945ef276d70b2502dca9|0xbc81c2be482f44b5306d72430b329389d1bcfe2efd89945ef276d70b2502dca9|0xbc81c2be482f44b5306d72430b329389d1bcfe2efd89945ef276d70b2502dca9
180215113843.057|211|0xf379c7edaf5bf07001f095a51755ada28544ee66fe5dedb52ed9fa35bbe5a501|0xf379c7edaf5bf07001f095a51755ada28544ee66fe5dedb52ed9fa35bbe5a501|0xf379c7edaf5bf07001f095a51755ada28544ee66fe5dedb52ed9fa35bbe5a501
180215113843.058|212|0x17426adbd5ae0d1de552de94e1715c26fdde6f3dfaeed5c2aa053af79a3dd49c|0x17426adbd5ae0d1de552de94e1715c26fdde6f3dfaeed5c2aa053af79a3dd49c|0x17426adbd5ae0d1de552de94e1715c26fdde6f3dfaeed5c2aa053af79a3dd49c
180215113843.060|213|0x01c203047f71062b8ee93c1f0683c2bf4100ef738b75d4ed10d71101d20ef3b4|0x01c203047f71062b8ee93c1f0683c2bf4100ef738b75d4ed10d71101d20ef3b4|0x01c203047f71062b8ee93c1f0683c2bf4100ef738b75d4ed10d71101d20ef3b4
180215113843.061|214|0x654fcad4f82ff6e32ed660bcce11bd00ae7b502afe10cb5137657d938faef7c3|0x654fcad4f82ff6e32ed660bcce11bd00ae7b502afe10cb5137657d938faef7c3|0x654fcad4f82ff6e32ed660bcce11bd00ae7b502afe10cb5137657d938faef7c3
180215113843.064|219|0x7916a12bfba600448c004b997bfaea3f6d4c5bea692fb9329fb7e9ea88ee9644|0x7916a12bfba600448c004b997bfaea3f6d4c5bea692fb9329fb7e9ea88ee9644|0x7916a12bfba600448c004b997bfaea3f6d4c5bea692fb9329fb7e9ea88ee9644
180215113843.065|217|0x5c3bd843f77f7d925412d071dd1ae087444abc41f0eedddf9b4835fe015a1a41|0x5c3bd843f77f7d925412d071dd1ae087444abc41f0eedddf9b4835fe015a1a41|0x5c3bd843f77f7d925412d071dd1ae087444abc41f0eedddf9b4835fe015a1a41
180215113843.066|218|0xa964d27ff57d94814502e1e8fd1d21126be82cb125ed4af352b0d8de51777d49|0xa964d27ff57d94814502e1e8fd1d21126be82cb125ed4af352b0d8de51777d49|0xa964d27ff57d94814502e1e8fd1d21126be82cb125ed4af352b0d8de51777d49
180215113843.067|221|0xab6005c754643d583b168ed40284cec26b3632d965ff5cc1c1e6b53840b31ea0|0xab6005c754643d583b168ed40284cec26b3632d965ff5cc1c1e6b53840b31ea0|0xab6005c754643d583b168ed40284cec26b3632d965ff5cc1c1e6b53840b31ea0
180215113843.068|229|0xd85f7ac4fe3fb45c8a021ac5d215cd4e00df7d6b01eaddb73c3c8632283e33d4|0xd85f7ac4fe3fb45c8a021ac5d215cd4e00df7d6b01eaddb73c3c8632283e33d4|0xd85f7ac4fe3fb45c8a021ac5d215cd4e00df7d6b01eaddb73c3c8632283e33d4
180215113843.071|223|0x60166e4b8832708540c78d38caf03d0cde32a38bbd579d7cd3502e942814bbf0|0x60166e4b8832708540c78d38caf03d0cde32a38bbd579d7cd3502e942814bbf0|0x60166e4b8832708540c78d38caf03d0cde32a38bbd579d7cd3502e942814bbf0
180215113843.072|222|0xc0bb1ed96aac5b468e2a9f3d0a4bc57c70e0fe291e6b5b33e6c603e0634a9227|0xc0bb1ed96aac5b468e2a9f3d0a4bc57c70e0fe291e6b5b33e6c603e0634a9227|0xc0bb1ed96aac5b468e2a9f3d0a4bc57c70e0fe291e6b5b33e6c603e0634a9227
180215113843.073|224|0x5d317ab8810ca9c9f01cf65fa52198f96c54b341b5efac7156f9abe0336f5ac0|0x5d317ab8810ca9c9f01cf65fa52198f96c54b341b5efac7156f9abe0336f5ac0|0x5d317ab8810ca9c9f01cf65fa52198f96c54b341b5efac7156f9abe0336f5ac0
180215113843.073|228|0x4d4d26146e4a8c987151f361536ed6551117ecbbccbf43a7fddb658d1c04640e|0x4d4d26146e4a8c987151f361536ed6551117ecbbccbf43a7fddb658d1c04640e|0x4d4d26146e4a8c987151f361536ed6551117ecbbccbf43a7fddb658d1c04640e
180215113843.076|227|0x412a7f665d627ce0c72d9dbaea21f451f602097b36111a55f18d9b2ca87932ab|0x412a7f665d627ce0c72d9dbaea21f451f602097b36111a55f18d9b2ca87932ab|0x412a7f665d627ce0c72d9dbaea21f451f602097b36111a55f18d9b2ca87932ab
180215113843.076|230|0x74f266221382351397c71d819f12584c4c407ede26cbe35c98be6cdc26407f35|0x74f266221382351397c71d819f12584c4c407ede26cbe35c98be6cdc26407f35|0x74f266221382351397c71d819f12584c4c407ede26cbe35c98be6cdc26407f35
180215113843.077|231|0x9221505a06cf2855c61de5aa6a9798e80feb78a03bd34399448a75e4cbd5fc5f|0x9221505a06cf2855c61de5aa6a9798e80feb78a03bd34399448a75e4cbd5fc5f|0x9221505a06cf2855c61de5aa6a9798e80feb78a03bd34399448a75e4cbd5fc5f
180215113843.078|232|0x5edd49d747e76c3111a5294925530bf35eee83c40127f712845bf8ae0c53485c|0x5edd49d747e76c3111a5294925530bf35eee83c40127f712845bf8ae0c53485c|0x5edd49d747e76c3111a5294925530bf35eee83c40127f712845bf8ae0c53485c
180215113843.079|233|0x267196af38f3ce3e5a02f53ba799c2db42a5b9cebb74e7939f693f4dc906e559|0x267196af38f3ce3e5a02f53ba799c2db42a5b9cebb74e7939f693f4dc906e559|0x267196af38f3ce3e5a02f53ba799c2db42a5b9cebb74e7939f693f4dc906e559
180215113843.079|234|0x9d876d8675c048ed7e51581e19326ded0d01dc54e9c25364817a6d6c01a9595c|0x9d876d8675c048ed7e51581e19326ded0d01dc54e9c25364817a6d6c01a9595c|0x9d876d8675c048ed7e51581e19326ded0d01dc54e9c25364817a6d6c01a9595c
180215113843.080|235|0x77decba34f1eff582fc459eb99379e68b0566c1b1f3713ba8e1e3bc7aa52c589|0x77decba34f1eff582fc459eb99379e68b0566c1b1f3713ba8e1e3bc7aa52c589|0x77decba34f1eff582fc459eb99379e68b0566c1b1f3713ba8e1e3bc7aa52c589
180215113843.081|238|0xe5c65ec7f72e3a9be6d568493d1b6b050a3fa9a6879c421ae4ff6d5697c7652f|0xe5c65ec7f72e3a9be6d568493d1b6b050a3fa9a6879c421ae4ff6d5697c7652f|0xe5c65ec7f72e3a9be6d568493d1b6b050a3fa9a6879c421ae4ff6d5697c7652f
180215113843.082|241|0xbf7d9c1702918a29a304fcec96c3f288348210160fa6094910ccafa56fba0fd8|0xbf7d9c1702918a29a304fcec96c3f288348210160fa6094910ccafa56fba0fd8|0xbf7d9c1702918a29a304fcec96c3f288348210160fa6094910ccafa56fba0fd8
180215113843.082|242|0x4b7b22a72053fa2208332b9787b10f54f1ac6c6c0e85fb8005dbd594c329f203|0x4b7b22a72053fa2208332b9787b10f54f1ac6c6c0e85fb8005dbd594c329f203|0x4b7b22a72053fa2208332b9787b10f54f1ac6c6c0e85fb8005dbd594c329f203
180215113843.083|245|0x627a7240bfec49cc3d519f39490ef7a7a6c69e48ab65a71c5c88e45a8215f33f|0x627a7240bfec49cc3d519f39490ef7a7a6c69e48ab65a71c5c88e45a8215f33f|0x627a7240bfec49cc3d519f39490ef7a7a6c69e48ab65a71c5c88e45a8215f33f
180215113843.083|258|0xd38e3a3f1d42ee915b1e84a50a10c5e27415bd9cc896d2316f46d22b6b27175c|0xd38e3a3f1d42ee915b1e84a50a10c5e27415bd9cc896d2316f46d22b6b27175c|0xd38e3a3f1d42ee915b1e84a50a10c5e27415bd9cc896d2316f46d22b6b27175c
180215113843.086|249|0x595b3530051bb850a72689a98a8748690e87c478e602aa0ff9e0bb03515c0503|0x595b3530051bb850a72689a98a8748690e87c478e602aa0ff9e0bb03515c0503|0x595b3530051bb850a72689a98a8748690e87c478e602aa0ff9e0bb03515c0503
180215113843.087|250|0xeefa41f7913fe1372c6410e3ccf2036a637ef160e3c10d26916fd00600b36287|0xeefa41f7913fe1372c6410e3ccf2036a637ef160e3c10d26916fd00600b36287|0xeefa41f7913fe1372c6410e3ccf2036a637ef160e3c10d26916fd00600b36287
180215113843.088|252|0x985bf56cd4f1fc2dc316d21bd3612ddf1891a131b9a097c78cf0dbd5d19c26ec|0x985bf56cd4f1fc2dc316d21bd3612ddf1891a131b9a097c78cf0dbd5d19c26ec|0x985bf56cd4f1fc2dc316d21bd3612ddf1891a131b9a097c78cf0dbd5d19c26ec
180215113843.089|253|0x1db0abff0bc0792df69ad585c011e224720d2f43c459609c5e68e371749261c8|0x1db0abff0bc0792df69ad585c011e224720d2f43c459609c5e68e371749261c8|0x1db0abff0bc0792df69ad585c011e224720d2f43c459609c5e68e371749261c8
180215113843.090|254|0xd5fb1a2a455604a63cb4c830dd97624f45672c611d3f9a4339eed145e48c136e|0xd5fb1a2a455604a63cb4c830dd97624f45672c611d3f9a4339eed145e48c136e|0xd5fb1a2a455604a63cb4c830dd97624f45672c611d3f9a4339eed145e48c136e
180215113843.091|255|0xb053d718f85bd6e8d1bb7eef7f9a5b842faa6cdb65ceab54e4e71a69a0e03c6f|0xb053d718f85bd6e8d1bb7eef7f9a5b842faa6cdb65ceab54e4e71a69a0e03c6f|0xb053d718f85bd6e8d1bb7eef7f9a5b842faa6cdb65ceab54e4e71a69a0e03c6f
180215113843.091|256|0x144b11afdbdaf9ec974e107915eaf1b12b8e32c06fdfafe1074ae9f0f39c6dfc|0x144b11afdbdaf9ec974e107915eaf1b12b8e32c06fdfafe1074ae9f0f39c6dfc|0x144b11afdbdaf9ec974e107915eaf1b12b8e32c06fdfafe1074ae9f0f39c6dfc
180215113843.092|257|0x5ccc930fe945d4f72ebf76729eb56799b43d5cb50c8c65edee34ea9730bb3416|0x5ccc930fe945d4f72ebf76729eb56799b43d5cb50c8c65edee34ea9730bb3416|0x5ccc930fe945d4f72ebf76729eb56799b43d5cb50c8c65edee34ea9730bb3416
180215113843.093|271|0xc395a2e7e73a133b35d17e6e3341124ef99ffd2655d2e789e7d51eb74bac699f|0xc395a2e7e73a133b35d17e6e3341124ef99ffd2655d2e789e7d51eb74bac699f|0xc395a2e7e73a133b35d17e6e3341124ef99ffd2655d2e789e7d51eb74bac699f
180215113843.094|248|0xe3e00e50fab170a3b42284ead1faa03a05cda03594e1d29ed9bb2b9820db4c48|0xe3e00e50fab170a3b42284ead1faa03a05cda03594e1d29ed9bb2b9820db4c48|0xe3e00e50fab170a3b42284ead1faa03a05cda03594e1d29ed9bb2b9820db4c48
180215113843.095|259|0xb2317bb3a1443dfc75e53a53f57f69948177e1ea36ae2d652a4f16d88933cfb7|0xb2317bb3a1443dfc75e53a53f57f69948177e1ea36ae2d652a4f16d88933cfb7|0xb2317bb3a1443dfc75e53a53f57f69948177e1ea36ae2d652a4f16d88933cfb7
180215113843.096|260|0xe5e560316bcd704e3beb416cdda7ce21720ca92e90e2717c38e4eb9af358f15a|0xe5e560316bcd704e3beb416cdda7ce21720ca92e90e2717c38e4eb9af358f15a|0xe5e560316bcd704e3beb416cdda7ce21720ca92e90e2717c38e4eb9af358f15a
180215113843.099|264|0xbd62ba8ac261288cb52a91bb69bd0c3e3ea51e8622303a52d1a29dd1ed4ff1a3|0xbd62ba8ac261288cb52a91bb69bd0c3e3ea51e8622303a52d1a29dd1ed4ff1a3|0xbd62ba8ac261288cb52a91bb69bd0c3e3ea51e8622303a52d1a29dd1ed4ff1a3
180215113843.100|273|0x0704776908165486b97ecaffeb5a470525094a5a7cbfe1ca502510a8aca0d876|0x0704776908165486b97ecaffeb5a470525094a5a7cbfe1ca502510a8aca0d876|0x0704776908165486b97ecaffeb5a470525094a5a7cbfe1ca502510a8aca0d876
180215113843.101|266|0xde35bd7ad260eb6404b86a3acc546ca6a14695111fb8972888f6633d32ec774d|0xde35bd7ad260eb6404b86a3acc546ca6a14695111fb8972888f6633d32ec774d|0xde35bd7ad260eb6404b86a3acc546ca6a14695111fb8972888f6633d32ec774d
180215113843.102|269|0x7112356e6bd40d64639785aa6fd271d99b416e480fefdb34d286ab0eb0470078|0x7112356e6bd40d64639785aa6fd271d99b416e480fefdb34d286ab0eb0470078|0x7112356e6bd40d64639785aa6fd271d99b416e480fefdb34d286ab0eb0470078
180215113843.102|272|0x581f04bf5d8e6ccc71d5d4ea9151e53fa9a8ac256d9240ee9ae28e515283fc51|0x581f04bf5d8e6ccc71d5d4ea9151e53fa9a8ac256d9240ee9ae28e515283fc51|0x581f04bf5d8e6ccc71d5d4ea9151e53fa9a8ac256d9240ee9ae28e515283fc51
180215113843.103|282|0xf5eac36e1fd28338e71573acdb32649e11530d606dbdb72030910c8c647c20bb|0xf5eac36e1fd28338e71573acdb32649e11530d606dbdb72030910c8c647c20bb|0xf5eac36e1fd28338e71573acdb32649e11530d606dbdb72030910c8c647c20bb
180215113843.104|274|0x64523ae1f3120d045694b97d43b578073d5206650b1dc4a3049aed971fa9ab1b|0x64523ae1f3120d045694b97d43b578073d5206650b1dc4a3049aed971fa9ab1b|0x64523ae1f3120d045694b97d43b578073d5206650b1dc4a3049aed971fa9ab1b
180215113843.104|276|0x6f6bf0298f9ec44c9002593b2a07e1a1e810213d229e3638e6b488214eb72296|0x6f6bf0298f9ec44c9002593b2a07e1a1e810213d229e3638e6b488214eb72296|0x6f6bf0298f9ec44c9002593b2a07e1a1e810213d229e3638e6b488214eb72296
180215113843.107|278|0x3b16565102630a63001fbff44fa58932f60d5d23e7597f32ce1e4f5636ac7143|0x3b16565102630a63001fbff44fa58932f60d5d23e7597f32ce1e4f5636ac7143|0x3b16565102630a63001fbff44fa58932f60d5d23e7597f32ce1e4f5636ac7143
180215113843.108|277|0x326572e1c5541bc67be91255de7d39a59aa4a7d947445799c670fe00e1ff04e9|0x326572e1c5541bc67be91255de7d39a59aa4a7d947445799c670fe00e1ff04e9|0x326572e1c5541bc67be91255de7d39a59aa4a7d947445799c670fe00e1ff04e9
180215113843.110|281|0x9417c41b584261f141ae8e6008a23aafc02e33239c5ee853e1ad4113023759de|0x9417c41b584261f141ae8e6008a23aafc02e33239c5ee853e1ad4113023759de|0x9417c41b584261f141ae8e6008a23aafc02e33239c5ee853e1ad4113023759de
180215113843.110|283|0x271d8679b22decfe06ddf74d9fd63529234e65eb86935e395ad9cf573f897184|0x271d8679b22decfe06ddf74d9fd63529234e65eb86935e395ad9cf573f897184|0x271d8679b22decfe06ddf74d9fd63529234e65eb86935e395ad9cf573f897184
180215113843.111|284|0x8c6f18742ed253c52f92bfdaba4227359306a140a33fb077385ff280faa8888c|0x8c6f18742ed253c52f92bfdaba4227359306a140a33fb077385ff280faa8888c|0x8c6f18742ed253c52f92bfdaba4227359306a140a33fb077385ff280faa8888c
180215113843.112|286|0x8354fc041308137d2c65dee691f937a4b6d8eab0344bb2ddfc32f11608d96c7d|0x8354fc041308137d2c65dee691f937a4b6d8eab0344bb2ddfc32f11608d96c7d|0x8354fc041308137d2c65dee691f937a4b6d8eab0344bb2ddfc32f11608d96c7d
180215113843.112|315|0x3cee33e398ae3b6504c1fe96a7d834b09790862005e5f1b928e8c42b5ef5abf5|0x3cee33e398ae3b6504c1fe96a7d834b09790862005e5f1b928e8c42b5ef5abf5|0x3cee33e398ae3b6504c1fe96a7d834b09790862005e5f1b928e8c42b5ef5abf5
180215113843.113|287|0xa6914eb86ef8b3866bb7bcc63613bc1bf135bf759f6ab54190a5119faffb2844|0xa6914eb86ef8b3866bb7bcc63613bc1bf135bf759f6ab54190a5119faffb2844|0xa6914eb86ef8b3866bb7bcc63613bc1bf135bf759f6ab54190a5119faffb2844
180215113843.114|289|0x1225a41fb891ad29dc6abb6462e02fe9a7dc69f6a105a51eae4bd92b28bd9f73|0x1225a41fb891ad29dc6abb6462e02fe9a7dc69f6a105a51eae4bd92b28bd9f73|0x1225a41fb891ad29dc6abb6462e02fe9a7dc69f6a105a51eae4bd92b28bd9f73
180215113843.115|293|0xed760b757044815659178165699823f1ab6418e36236da97e4d775aa1d23c714|0xed760b757044815659178165699823f1ab6418e36236da97e4d775aa1d23c714|0xed760b757044815659178165699823f1ab6418e36236da97e4d775aa1d23c714
180215113843.115|294|0xfeef7da2756fd9069f9e05f8d4dc47c4767bec9e83ff4a3fff7c19a336b7de3a|0xfeef7da2756fd9069f9e05f8d4dc47c4767bec9e83ff4a3fff7c19a336b7de3a|0xfeef7da2756fd9069f9e05f8d4dc47c4767bec9e83ff4a3fff7c19a336b7de3a
180215113843.116|295|0x1fb8088f4a7878719247fb4f7826c2491b9f647a9d29fa6b58910414cc44e999|0x1fb8088f4a7878719247fb4f7826c2491b9f647a9d29fa6b58910414cc44e999|0x1fb8088f4a7878719247fb4f7826c2491b9f647a9d29fa6b58910414cc44e999
180215113843.120|299|0xc54a51e7112f7bb08af0c6c0b40565fc6a46deeeb054a969b6484ead5eb21b29|0xc54a51e7112f7bb08af0c6c0b40565fc6a46deeeb054a969b6484ead5eb21b29|0xc54a51e7112f7bb08af0c6c0b40565fc6a46deeeb054a969b6484ead5eb21b29
180215113843.120|301|0xc4bbf3bfe17e84a02083e507a3686a4c1e882af5d33f8cd04b07607786ae2a6c|0xc4bbf3bfe17e84a02083e507a3686a4c1e882af5d33f8cd04b07607786ae2a6c|0xc4bbf3bfe17e84a02083e507a3686a4c1e882af5d33f8cd04b07607786ae2a6c
180215113843.122|303|0xb00c38615b7cc2e387e0b830852029376dde3b30518db4eab99ad99aad15766f|0xb00c38615b7cc2e387e0b830852029376dde3b30518db4eab99ad99aad15766f|0xb00c38615b7cc2e387e0b830852029376dde3b30518db4eab99ad99aad15766f
180215113843.124|306|0x73345a252c6b429358e2bec3d6687bbae0886f68a4df5b53108f4bed2afdb10a|0x73345a252c6b429358e2bec3d6687bbae0886f68a4df5b53108f4bed2afdb10a|0x73345a252c6b429358e2bec3d6687bbae0886f68a4df5b53108f4bed2afdb10a
180215113843.128|309|0x1891504b0d9f1f4bb1ef3c2fe9d6b29b453f1298db463231b9a62fe445de9668|0x1891504b0d9f1f4bb1ef3c2fe9d6b29b453f1298db463231b9a62fe445de9668|0x1891504b0d9f1f4bb1ef3c2fe9d6b29b453f1298db463231b9a62fe445de9668
180215113843.129|296|0x0cee43212dd53921bba2f48ed11dc42c67a0db488155ab1be120dfc3f597747c|0x0cee43212dd53921bba2f48ed11dc42c67a0db488155ab1be120dfc3f597747c|0x0cee43212dd53921bba2f48ed11dc42c67a0db488155ab1be120dfc3f597747c
180215113843.131|297|0x3dc11b737cb67205d91f4760ce6f81fedcf9623ebfffba231681c996aa8a2278|0x3dc11b737cb67205d91f4760ce6f81fedcf9623ebfffba231681c996aa8a2278|0x3dc11b737cb67205d91f4760ce6f81fedcf9623ebfffba231681c996aa8a2278
180215113843.132|311|0x03a896dd462efae7b4fd437e3dfd22f7e0397abcdab50b645e431ee1c8ea3bcf|0x03a896dd462efae7b4fd437e3dfd22f7e0397abcdab50b645e431ee1c8ea3bcf|0x03a896dd462efae7b4fd437e3dfd22f7e0397abcdab50b645e431ee1c8ea3bcf
180215113843.133|312|0x12c4f9bffa6a47855a6b2eb6e5cf5a205be5d3dc279ace529771c63ab0214605|0x12c4f9bffa6a47855a6b2eb6e5cf5a205be5d3dc279ace529771c63ab0214605|0x12c4f9bffa6a47855a6b2eb6e5cf5a205be5d3dc279ace529771c63ab0214605
180215113843.136|291|0x681012eed6e1ce4e2adfb878bea4f18e51825a73cd36cc4de65682b408008fba|0x681012eed6e1ce4e2adfb878bea4f18e51825a73cd36cc4de65682b408008fba|0x681012eed6e1ce4e2adfb878bea4f18e51825a73cd36cc4de65682b408008fba
180215113843.137|288|0x2b30626c44e61b1b88a4db7bd8af4cdb328af84f77f41c31abbe3257f3d76aee|0x2b30626c44e61b1b88a4db7bd8af4cdb328af84f77f41c31abbe3257f3d76aee|0x2b30626c44e61b1b88a4db7bd8af4cdb328af84f77f41c31abbe3257f3d76aee
180215113843.138|326|0xe309b69b67e940c7d6f52ba3f28cbe1f6e8853b94117f944d459e40bcab93621|0xe309b69b67e940c7d6f52ba3f28cbe1f6e8853b94117f944d459e40bcab93621|0xe309b69b67e940c7d6f52ba3f28cbe1f6e8853b94117f944d459e40bcab93621
180215113843.139|316|0x5912dc93a2b6841a200fb87a88c4ea5685cab645b38091c52c79c00785c3b63c|0x5912dc93a2b6841a200fb87a88c4ea5685cab645b38091c52c79c00785c3b63c|0x5912dc93a2b6841a200fb87a88c4ea5685cab645b38091c52c79c00785c3b63c
180215113843.139|317|0x8c8a51ef8af64c94b7b057eb06be9d606182661544e841eb4475988b6d8188a7|0x8c8a51ef8af64c94b7b057eb06be9d606182661544e841eb4475988b6d8188a7|0x8c8a51ef8af64c94b7b057eb06be9d606182661544e841eb4475988b6d8188a7
180215113843.140|318|0x4d4b7862603001dc4c96654ca00efacd8439ac3db1c82f6437d46e0b4de0ebb9|0x4d4b7862603001dc4c96654ca00efacd8439ac3db1c82f6437d46e0b4de0ebb9|0x4d4b7862603001dc4c96654ca00efacd8439ac3db1c82f6437d46e0b4de0ebb9
180215113843.141|319|0x16d330595ba6a5c4683c91b994058ae965edbc40fca6946810c38bdd1b8111e5|0x16d330595ba6a5c4683c91b994058ae965edbc40fca6946810c38bdd1b8111e5|0x16d330595ba6a5c4683c91b994058ae965edbc40fca6946810c38bdd1b8111e5
180215113843.143|321|0x8ab06c7bb95df318964367577aa04cf9c1193b8753687c2770a4e1b7138e42f1|0x8ab06c7bb95df318964367577aa04cf9c1193b8753687c2770a4e1b7138e42f1|0x8ab06c7bb95df318964367577aa04cf9c1193b8753687c2770a4e1b7138e42f1
180215113843.144|323|0xec0c2d048415499db6016e1dd17de71e114347ad1fd91d4e73175b8cffb0a96b|0xec0c2d048415499db6016e1dd17de71e114347ad1fd91d4e73175b8cffb0a96b|0xec0c2d048415499db6016e1dd17de71e114347ad1fd91d4e73175b8cffb0a96b
180215113843.144|325|0x0d2c871caf4b383a01fcf64eddce966bcf7cfc2adb380fd88486a61e38a12fd0|0x0d2c871caf4b383a01fcf64eddce966bcf7cfc2adb380fd88486a61e38a12fd0|0x0d2c871caf4b383a01fcf64eddce966bcf7cfc2adb380fd88486a61e38a12fd0
180215113843.145|310|0xee9c89910d81ec9174ae0547f7e809ce540d17d7bed0f4e0c7b8b9224c9bbc2c|0xee9c89910d81ec9174ae0547f7e809ce540d17d7bed0f4e0c7b8b9224c9bbc2c|0xee9c89910d81ec9174ae0547f7e809ce540d17d7bed0f4e0c7b8b9224c9bbc2c
180215113843.148|328|0x3cd5972e8b561b51d52d35b8b5582a624b92b0f0227bc8dabc9e81fe13ad6a28|0x3cd5972e8b561b51d52d35b8b5582a624b92b0f0227bc8dabc9e81fe13ad6a28|0x3cd5972e8b561b51d52d35b8b5582a624b92b0f0227bc8dabc9e81fe13ad6a28
